{
  "runtimes": {
    "win10-arm": {
      "Microsoft.NETCore.UniversalWindowsPlatform": {
        "runtime.win10-arm.Microsoft.NETCore.UniversalWindowsPlatform": "6.1.9"
      }
    },
    "win10-arm-aot": {
      "Microsoft.NETCore.UniversalWindowsPlatform": {
        "runtime.win10-arm-aot.Microsoft.NETCore.UniversalWindowsPlatform": "6.1.9"
      }
    },
    "win10-x64": {
      "Microsoft.NETCore.UniversalWindowsPlatform": {
        "runtime.win10-x64.Microsoft.NETCore.UniversalWindowsPlatform": "6.1.9"
      }
    },
    "win10-x64-aot": {
      "Microsoft.NETCore.UniversalWindowsPlatform": {
        "runtime.win10-x64-aot.Microsoft.NETCore.UniversalWindowsPlatform": "6.1.9"
      }
    },
    "win10-x86": {
      "Microsoft.NETCore.UniversalWindowsPlatform": {
        "runtime.win10-x86.Microsoft.NETCore.UniversalWindowsPlatform": "6.1.9"
      }
    },
    "win10-x86-aot": {
      "Microsoft.NETCore.UniversalWindowsPlatform": {
        "runtime.win10-x86-aot.Microsoft.NETCore.UniversalWindowsPlatform": "6.1.9"
      }
    }
  }
}