﻿<?xml version="1.0" encoding="utf-8"?><span>
<doc>
  <assembly>
    <name>System.Security.Cryptography.Encoding</name>
  </assembly>
  <members>
    <member name="T:System.Security.Cryptography.ToBase64Transform">
      <summary>Converts a <see cref="T:System.Security.Cryptography.CryptoStream"></see> to base 64.</summary>
    </member>
    <member name="M:System.Security.Cryptography.ToBase64Transform.#ctor">
      <summary>Initializes a new instance of the <see cref="T:System.Security.Cryptography.ToBase64Transform"></see> class.</summary>
    </member>
    <member name="P:System.Security.Cryptography.ToBase64Transform.CanReuseTransform">
      <summary>Gets a value indicating whether the current transform can be reused.</summary>
      <returns>Always true.</returns>
    </member>
    <member name="P:System.Security.Cryptography.ToBase64Transform.CanTransformMultipleBlocks">
      <summary>Gets a value that indicates whether multiple blocks can be transformed.</summary>
      <returns>Always false.</returns>
    </member>
    <member name="M:System.Security.Cryptography.ToBase64Transform.Clear">
      <summary>Releases all resources used by the <see cref="T:System.Security.Cryptography.ToBase64Transform"></see>.</summary>
    </member>
    <member name="M:System.Security.Cryptography.ToBase64Transform.Dispose">
      <summary>Releases all resources used by the current instance of the <see cref="T:System.Security.Cryptography.ToBase64Transform"></see> class.</summary>
    </member>
    <member name="M:System.Security.Cryptography.ToBase64Transform.Dispose(System.Boolean)">
      <summary>Releases the unmanaged resources used by the <see cref="T:System.Security.Cryptography.ToBase64Transform"></see> and optionally releases the managed resources.</summary>
      <param name="disposing">true to release both managed and unmanaged resources; false to release only unmanaged resources.</param>
    </member>
    <member name="M:System.Security.Cryptography.ToBase64Transform.Finalize">
      <summary>Releases the unmanaged resources used by the <see cref="T:System.Security.Cryptography.ToBase64Transform"></see>.</summary>
    </member>
    <member name="P:System.Security.Cryptography.ToBase64Transform.InputBlockSize">
      <summary>Gets the input block size.</summary>
      <returns>The size of the input data blocks in bytes.</returns>
    </member>
    <member name="P:System.Security.Cryptography.ToBase64Transform.OutputBlockSize">
      <summary>Gets the output block size.</summary>
      <returns>The size of the output data blocks in bytes.</returns>
    </member>
    <member name="M:System.Security.Cryptography.ToBase64Transform.TransformBlock(System.Byte[],System.Int32,System.Int32,System.Byte[],System.Int32)">
      <summary>Converts the specified region of the input byte array to base 64 and copies the result to the specified region of the output byte array.</summary>
      <param name="inputBuffer">The input to compute to base 64.</param>
      <param name="inputOffset">The offset into the input byte array from which to begin using data.</param>
      <param name="inputCount">The number of bytes in the input byte array to use as data.</param>
      <param name="outputBuffer">The output to which to write the result.</param>
      <param name="outputOffset">The offset into the output byte array from which to begin writing data.</param>
      <returns>The number of bytes written.</returns>
      <exception cref="T:System.ObjectDisposedException">The current <see cref="T:System.Security.Cryptography.ToBase64Transform"></see> object has already been disposed.</exception>
      <exception cref="T:System.Security.Cryptography.CryptographicException">The data size is not valid.</exception>
      <exception cref="T:System.ArgumentException">The inputBuffer parameter contains an invalid offset length.   -or-   The inputCount parameter contains an invalid value.</exception>
      <exception cref="T:System.ArgumentNullException">The inputBuffer parameter is null.</exception>
      <exception cref="T:System.ArgumentOutOfRangeException">The inputBuffer parameter requires a non-negative number.</exception>
    </member>
    <member name="M:System.Security.Cryptography.ToBase64Transform.TransformFinalBlock(System.Byte[],System.Int32,System.Int32)">
      <summary>Converts the specified region of the specified byte array to base 64.</summary>
      <param name="inputBuffer">The input to convert to base 64.</param>
      <param name="inputOffset">The offset into the byte array from which to begin using data.</param>
      <param name="inputCount">The number of bytes in the byte array to use as data.</param>
      <returns>The computed base 64 conversion.</returns>
      <exception cref="T:System.ObjectDisposedException">The current <see cref="T:System.Security.Cryptography.ToBase64Transform"></see> object has already been disposed.</exception>
      <exception cref="T:System.ArgumentException">The inputBuffer parameter contains an invalid offset length.   -or-   The inputCount parameter contains an invalid value.</exception>
      <exception cref="T:System.ArgumentNullException">The inputBuffer parameter is null.</exception>
      <exception cref="T:System.ArgumentOutOfRangeException">The inputBuffer parameter requires a non-negative number.</exception>
    </member>
    <member name="T:System.Security.Cryptography.FromBase64Transform">
      <summary>Converts a <see cref="T:System.Security.Cryptography.CryptoStream"></see> from base 64.</summary>
    </member>
    <member name="M:System.Security.Cryptography.FromBase64Transform.#ctor">
      <summary>Initializes a new instance of the <see cref="T:System.Security.Cryptography.FromBase64Transform"></see> class.</summary>
    </member>
    <member name="M:System.Security.Cryptography.FromBase64Transform.#ctor(System.Security.Cryptography.FromBase64TransformMode)">
      <summary>Initializes a new instance of the <see cref="T:System.Security.Cryptography.FromBase64Transform"></see> class with the specified transformation mode.</summary>
      <param name="whitespaces">One of the <see cref="T:System.Security.Cryptography.FromBase64Transform"></see> values.</param>
    </member>
    <member name="P:System.Security.Cryptography.FromBase64Transform.CanReuseTransform">
      <summary>Gets a value indicating whether the current transform can be reused.</summary>
      <returns>Always true.</returns>
    </member>
    <member name="P:System.Security.Cryptography.FromBase64Transform.CanTransformMultipleBlocks">
      <summary>Gets a value that indicates whether multiple blocks can be transformed.</summary>
      <returns>Always false.</returns>
    </member>
    <member name="M:System.Security.Cryptography.FromBase64Transform.Clear">
      <summary>Releases all resources used by the <see cref="T:System.Security.Cryptography.FromBase64Transform"></see>.</summary>
    </member>
    <member name="M:System.Security.Cryptography.FromBase64Transform.Dispose">
      <summary>Releases all resources used by the current instance of the <see cref="T:System.Security.Cryptography.FromBase64Transform"></see> class.</summary>
    </member>
    <member name="M:System.Security.Cryptography.FromBase64Transform.Dispose(System.Boolean)">
      <summary>Releases the unmanaged resources used by the <see cref="T:System.Security.Cryptography.FromBase64Transform"></see> and optionally releases the managed resources.</summary>
      <param name="disposing">true to release both managed and unmanaged resources; false to release only unmanaged resources.</param>
    </member>
    <member name="M:System.Security.Cryptography.FromBase64Transform.Finalize">
      <summary>Releases the unmanaged resources used by the <see cref="T:System.Security.Cryptography.FromBase64Transform"></see>.</summary>
    </member>
    <member name="P:System.Security.Cryptography.FromBase64Transform.InputBlockSize">
      <summary>Gets the input block size.</summary>
      <returns>The size of the input data blocks in bytes.</returns>
    </member>
    <member name="P:System.Security.Cryptography.FromBase64Transform.OutputBlockSize">
      <summary>Gets the output block size.</summary>
      <returns>The size of the output data blocks in bytes.</returns>
    </member>
    <member name="M:System.Security.Cryptography.FromBase64Transform.TransformBlock(System.Byte[],System.Int32,System.Int32,System.Byte[],System.Int32)">
      <summary>Converts the specified region of the input byte array from base 64 and copies the result to the specified region of the output byte array.</summary>
      <param name="inputBuffer">The input to compute from base 64.</param>
      <param name="inputOffset">The offset into the input byte array from which to begin using data.</param>
      <param name="inputCount">The number of bytes in the input byte array to use as data.</param>
      <param name="outputBuffer">The output to which to write the result.</param>
      <param name="outputOffset">The offset into the output byte array from which to begin writing data.</param>
      <returns>The number of bytes written.</returns>
      <exception cref="T:System.ObjectDisposedException">The current <see cref="T:System.Security.Cryptography.FromBase64Transform"></see> object has already been disposed.</exception>
      <exception cref="T:System.ArgumentException">inputCount uses an invalid value.   -or-  inputBuffer has an invalid offset length.</exception>
      <exception cref="T:System.ArgumentOutOfRangeException">inputOffset is out of range. This parameter requires a non-negative number.</exception>
      <exception cref="T:System.ArgumentNullException">inputBuffer is null.</exception>
    </member>
    <member name="M:System.Security.Cryptography.FromBase64Transform.TransformFinalBlock(System.Byte[],System.Int32,System.Int32)">
      <summary>Converts the specified region of the specified byte array from base 64.</summary>
      <param name="inputBuffer">The input to convert from base 64.</param>
      <param name="inputOffset">The offset into the byte array from which to begin using data.</param>
      <param name="inputCount">The number of bytes in the byte array to use as data.</param>
      <returns>The computed conversion.</returns>
      <exception cref="T:System.ObjectDisposedException">The current <see cref="T:System.Security.Cryptography.FromBase64Transform"></see> object has already been disposed.</exception>
      <exception cref="T:System.ArgumentException">inputBuffer has an invalid offset length.   -or-  inputCount has an invalid value.</exception>
      <exception cref="T:System.ArgumentOutOfRangeException">inputOffset is out of range. This parameter requires a non-negative number.</exception>
      <exception cref="T:System.ArgumentNullException">inputBuffer is null.</exception>
    </member>
    <member name="T:System.Security.Cryptography.FromBase64TransformMode">
      <summary>Specifies whether white space should be ignored in the base 64 transformation.</summary>
    </member>
    <member name="F:System.Security.Cryptography.FromBase64TransformMode.DoNotIgnoreWhiteSpaces">
      <summary>White space should not be ignored.</summary>
      <returns></returns>
    </member>
    <member name="F:System.Security.Cryptography.FromBase64TransformMode.IgnoreWhiteSpaces">
      <summary>White space should be ignored.</summary>
      <returns></returns>
    </member>
    <member name="T:System.Security.Cryptography.Oid">
      <summary>Represents a cryptographic object identifier. This class cannot be inherited.</summary>
    </member>
    <member name="M:System.Security.Cryptography.Oid.#ctor">
      <summary>Initializes a new instance of the <see cref="T:System.Security.Cryptography.Oid"></see> class.</summary>
    </member>
    <member name="M:System.Security.Cryptography.Oid.#ctor(System.Security.Cryptography.Oid)">
      <summary>Initializes a new instance of the <see cref="T:System.Security.Cryptography.Oid"></see> class using the specified <see cref="T:System.Security.Cryptography.Oid"></see> object.</summary>
      <param name="oid">The object identifier information to use to create the new object identifier.</param>
      <exception cref="T:System.ArgumentNullException">oid is null.</exception>
    </member>
    <member name="M:System.Security.Cryptography.Oid.#ctor(System.String)">
      <summary>Initializes a new instance of the <see cref="T:System.Security.Cryptography.Oid"></see> class using a string value of an <see cref="T:System.Security.Cryptography.Oid"></see> object.</summary>
      <param name="oid">An object identifier.</param>
    </member>
    <member name="M:System.Security.Cryptography.Oid.#ctor(System.String,System.String)">
      <summary>Initializes a new instance of the <see cref="T:System.Security.Cryptography.Oid"></see> class using the specified value and friendly name.</summary>
      <param name="value">The dotted number of the identifier.</param>
      <param name="friendlyName">The friendly name of the identifier.</param>
    </member>
    <member name="P:System.Security.Cryptography.Oid.FriendlyName">
      <summary>Gets or sets the friendly name of the identifier.</summary>
      <returns>The friendly name of the identifier.</returns>
    </member>
    <member name="M:System.Security.Cryptography.Oid.FromFriendlyName(System.String,System.Security.Cryptography.OidGroup)">
      <summary>Creates an <see cref="T:System.Security.Cryptography.Oid"></see> object from an OID friendly name by searching the specified group.</summary>
      <param name="friendlyName">The friendly name of the identifier.</param>
      <param name="group">The group to search in.</param>
      <returns>An object that represents the specified OID.</returns>
      <exception cref="T:System.ArgumentNullException">friendlyName is null.</exception>
      <exception cref="T:System.Security.Cryptography.CryptographicException">The OID was not found.</exception>
    </member>
    <member name="M:System.Security.Cryptography.Oid.FromOidValue(System.String,System.Security.Cryptography.OidGroup)">
      <summary>Creates an <see cref="T:System.Security.Cryptography.Oid"></see> object by using the specified OID value and group.</summary>
      <param name="oidValue">The OID value.</param>
      <param name="group">The group to search in.</param>
      <returns>A new instance of an <see cref="T:System.Security.Cryptography.Oid"></see> object.</returns>
      <exception cref="T:System.ArgumentNullException">oidValue is null.</exception>
      <exception cref="T:System.Security.Cryptography.CryptographicException">The friendly name for the OID value was not found.</exception>
    </member>
    <member name="P:System.Security.Cryptography.Oid.Value">
      <summary>Gets or sets the dotted number of the identifier.</summary>
      <returns>The dotted number of the identifier.</returns>
    </member>
    <member name="T:System.Security.Cryptography.OidCollection">
      <summary>Represents a collection of <see cref="T:System.Security.Cryptography.Oid"></see> objects. This class cannot be inherited.</summary>
    </member>
    <member name="M:System.Security.Cryptography.OidCollection.#ctor">
      <summary>Initializes a new instance of the <see cref="T:System.Security.Cryptography.OidCollection"></see> class.</summary>
    </member>
    <member name="M:System.Security.Cryptography.OidCollection.Add(System.Security.Cryptography.Oid)">
      <summary>Adds an <see cref="T:System.Security.Cryptography.Oid"></see> object to the <see cref="T:System.Security.Cryptography.OidCollection"></see> object.</summary>
      <param name="oid">The <see cref="T:System.Security.Cryptography.Oid"></see> object to add to the collection.</param>
      <returns>The index of the added <see cref="T:System.Security.Cryptography.Oid"></see> object.</returns>
    </member>
    <member name="M:System.Security.Cryptography.OidCollection.CopyTo(System.Security.Cryptography.Oid[],System.Int32)">
      <summary>Copies the <see cref="T:System.Security.Cryptography.OidCollection"></see> object into an array.</summary>
      <param name="array">The array to copy the <see cref="T:System.Security.Cryptography.OidCollection"></see> object into.</param>
      <param name="index">The location where the copy operation starts.</param>
    </member>
    <member name="P:System.Security.Cryptography.OidCollection.Count">
      <summary>Gets the number of <see cref="T:System.Security.Cryptography.Oid"></see> objects in a collection.</summary>
      <returns>The number of <see cref="T:System.Security.Cryptography.Oid"></see> objects in a collection.</returns>
    </member>
    <member name="M:System.Security.Cryptography.OidCollection.GetEnumerator">
      <summary>Returns an <see cref="T:System.Security.Cryptography.OidEnumerator"></see> object that can be used to navigate the <see cref="T:System.Security.Cryptography.OidCollection"></see> object.</summary>
      <returns>An <see cref="T:System.Security.Cryptography.OidEnumerator"></see> object.</returns>
    </member>
    <member name="P:System.Security.Cryptography.OidCollection.IsSynchronized">
      <summary>Gets a value that indicates whether access to the <see cref="T:System.Security.Cryptography.OidCollection"></see> object is thread safe.</summary>
      <returns>false in all cases.</returns>
    </member>
    <member name="P:System.Security.Cryptography.OidCollection.Item(System.Int32)">
      <summary>Gets an <see cref="T:System.Security.Cryptography.Oid"></see> object from the <see cref="T:System.Security.Cryptography.OidCollection"></see> object.</summary>
      <param name="index">The location of the <see cref="T:System.Security.Cryptography.Oid"></see> object in the collection.</param>
      <returns>An <see cref="T:System.Security.Cryptography.Oid"></see> object.</returns>
    </member>
    <member name="P:System.Security.Cryptography.OidCollection.Item(System.String)">
      <summary>Gets the first <see cref="T:System.Security.Cryptography.Oid"></see> object that contains a value of the <see cref="P:System.Security.Cryptography.Oid.Value"></see> property or a value of the <see cref="P:System.Security.Cryptography.Oid.FriendlyName"></see> property that matches the specified string value from the <see cref="T:System.Security.Cryptography.OidCollection"></see> object.</summary>
      <param name="oid">A string that represents a <see cref="P:System.Security.Cryptography.Oid.Value"></see> property or a <see cref="P:System.Security.Cryptography.Oid.FriendlyName"></see> property.</param>
      <returns>An <see cref="T:System.Security.Cryptography.Oid"></see> object.</returns>
    </member>
    <member name="P:System.Security.Cryptography.OidCollection.SyncRoot">
      <summary>Gets an object that can be used to synchronize access to the <see cref="T:System.Security.Cryptography.OidCollection"></see> object.</summary>
      <returns>An object that can be used to synchronize access to the <see cref="T:System.Security.Cryptography.OidCollection"></see> object.</returns>
    </member>
    <member name="M:System.Security.Cryptography.OidCollection.System#Collections#ICollection#CopyTo(System.Array,System.Int32)">
      <summary>Copies the <see cref="T:System.Security.Cryptography.OidCollection"></see> object into an array.</summary>
      <param name="array">The array to copy the <see cref="T:System.Security.Cryptography.OidCollection"></see> object to.</param>
      <param name="index">The location where the copy operation starts.</param>
      <exception cref="T:System.ArgumentException">array cannot be a multidimensional array.   -or-   The length of array is an invalid offset length.</exception>
      <exception cref="T:System.ArgumentNullException">array is null.</exception>
      <exception cref="T:System.ArgumentOutOfRangeException">The value of index is out range.</exception>
    </member>
    <member name="P:System.Security.Cryptography.OidCollection.System#Collections#ICollection#IsSynchronized">
      <returns></returns>
    </member>
    <member name="P:System.Security.Cryptography.OidCollection.System#Collections#ICollection#SyncRoot">
      <returns></returns>
    </member>
    <member name="M:System.Security.Cryptography.OidCollection.System#Collections#IEnumerable#GetEnumerator">
      <summary>Returns an <see cref="T:System.Security.Cryptography.OidEnumerator"></see> object that can be used to navigate the <see cref="T:System.Security.Cryptography.OidCollection"></see> object.</summary>
      <returns>An <see cref="T:System.Security.Cryptography.OidEnumerator"></see> object that can be used to navigate the collection.</returns>
    </member>
    <member name="T:System.Security.Cryptography.OidEnumerator">
      <summary>Provides the ability to navigate through an <see cref="T:System.Security.Cryptography.OidCollection"></see> object. This class cannot be inherited.</summary>
    </member>
    <member name="P:System.Security.Cryptography.OidEnumerator.Current">
      <summary>Gets the current <see cref="T:System.Security.Cryptography.Oid"></see> object in an <see cref="T:System.Security.Cryptography.OidCollection"></see> object.</summary>
      <returns>The current <see cref="T:System.Security.Cryptography.Oid"></see> object in the collection.</returns>
    </member>
    <member name="M:System.Security.Cryptography.OidEnumerator.MoveNext">
      <summary>Advances to the next <see cref="T:System.Security.Cryptography.Oid"></see> object in an <see cref="T:System.Security.Cryptography.OidCollection"></see> object.</summary>
      <returns>true, if the enumerator was successfully advanced to the next element; false, if the enumerator has passed the end of the collection.</returns>
      <exception cref="T:System.InvalidOperationException">The collection was modified after the enumerator was created.</exception>
    </member>
    <member name="M:System.Security.Cryptography.OidEnumerator.Reset">
      <summary>Sets an enumerator to its initial position.</summary>
      <exception cref="T:System.InvalidOperationException">The collection was modified after the enumerator was created.</exception>
    </member>
    <member name="P:System.Security.Cryptography.OidEnumerator.System#Collections#IEnumerator#Current">
      <summary>Gets the current <see cref="T:System.Security.Cryptography.Oid"></see> object in an <see cref="T:System.Security.Cryptography.OidCollection"></see> object.</summary>
      <returns>The current <see cref="T:System.Security.Cryptography.Oid"></see> object.</returns>
    </member>
    <member name="T:System.Security.Cryptography.OidGroup">
      <summary>Identifies Windows cryptographic object identifier (OID) groups.</summary>
    </member>
    <member name="F:System.Security.Cryptography.OidGroup.All">
      <summary>All the groups.</summary>
      <returns></returns>
    </member>
    <member name="F:System.Security.Cryptography.OidGroup.Attribute">
      <summary>The Windows group that is represented by CRYPT_RDN_ATTR_OID_GROUP_ID.</summary>
      <returns></returns>
    </member>
    <member name="F:System.Security.Cryptography.OidGroup.EncryptionAlgorithm">
      <summary>The Windows group that is represented by CRYPT_ENCRYPT_ALG_OID_GROUP_ID.</summary>
      <returns></returns>
    </member>
    <member name="F:System.Security.Cryptography.OidGroup.EnhancedKeyUsage">
      <summary>The Windows group that is represented by CRYPT_ENHKEY_USAGE_OID_GROUP_ID.</summary>
      <returns></returns>
    </member>
    <member name="F:System.Security.Cryptography.OidGroup.ExtensionOrAttribute">
      <summary>The Windows group that is represented by CRYPT_EXT_OR_ATTR_OID_GROUP_ID.</summary>
      <returns></returns>
    </member>
    <member name="F:System.Security.Cryptography.OidGroup.HashAlgorithm">
      <summary>The Windows group that is represented by CRYPT_HASH_ALG_OID_GROUP_ID.</summary>
      <returns></returns>
    </member>
    <member name="F:System.Security.Cryptography.OidGroup.KeyDerivationFunction">
      <summary>The Windows group that is represented by CRYPT_KDF_OID_GROUP_ID.</summary>
      <returns></returns>
    </member>
    <member name="F:System.Security.Cryptography.OidGroup.Policy">
      <summary>The Windows group that is represented by CRYPT_POLICY_OID_GROUP_ID.</summary>
      <returns></returns>
    </member>
    <member name="F:System.Security.Cryptography.OidGroup.PublicKeyAlgorithm">
      <summary>The Windows group that is represented by CRYPT_PUBKEY_ALG_OID_GROUP_ID.</summary>
      <returns></returns>
    </member>
    <member name="F:System.Security.Cryptography.OidGroup.SignatureAlgorithm">
      <summary>The Windows group that is represented by CRYPT_SIGN_ALG_OID_GROUP_ID.</summary>
      <returns></returns>
    </member>
    <member name="F:System.Security.Cryptography.OidGroup.Template">
      <summary>The Windows group that is represented by CRYPT_TEMPLATE_OID_GROUP_ID.</summary>
      <returns></returns>
    </member>
    <member name="T:System.Security.Cryptography.AsnEncodedData">
      <summary>Represents Abstract Syntax Notation One (ASN.1)-encoded data.</summary>
    </member>
    <member name="M:System.Security.Cryptography.AsnEncodedData.#ctor">
      <summary>Initializes a new instance of the <see cref="T:System.Security.Cryptography.AsnEncodedData"></see> class.</summary>
    </member>
    <member name="M:System.Security.Cryptography.AsnEncodedData.#ctor(System.Byte[])">
      <summary>Initializes a new instance of the <see cref="T:System.Security.Cryptography.AsnEncodedData"></see> class using a byte array.</summary>
      <param name="rawData">A byte array that contains Abstract Syntax Notation One (ASN.1)-encoded data.</param>
    </member>
    <member name="M:System.Security.Cryptography.AsnEncodedData.#ctor(System.Security.Cryptography.AsnEncodedData)">
      <summary>Initializes a new instance of the <see cref="T:System.Security.Cryptography.AsnEncodedData"></see> class using an instance of the <see cref="T:System.Security.Cryptography.AsnEncodedData"></see> class.</summary>
      <param name="asnEncodedData">An instance of the <see cref="T:System.Security.Cryptography.AsnEncodedData"></see> class.</param>
      <exception cref="T:System.ArgumentNullException">asnEncodedData is null.</exception>
    </member>
    <member name="M:System.Security.Cryptography.AsnEncodedData.#ctor(System.Security.Cryptography.Oid,System.Byte[])">
      <summary>Initializes a new instance of the <see cref="T:System.Security.Cryptography.AsnEncodedData"></see> class using an <see cref="T:System.Security.Cryptography.Oid"></see> object and a byte array.</summary>
      <param name="oid">An <see cref="T:System.Security.Cryptography.Oid"></see> object.</param>
      <param name="rawData">A byte array that contains Abstract Syntax Notation One (ASN.1)-encoded data.</param>
    </member>
    <member name="M:System.Security.Cryptography.AsnEncodedData.#ctor(System.String,System.Byte[])">
      <summary>Initializes a new instance of the <see cref="T:System.Security.Cryptography.AsnEncodedData"></see> class using a byte array.</summary>
      <param name="oid">A string that represents <see cref="T:System.Security.Cryptography.Oid"></see> information.</param>
      <param name="rawData">A byte array that contains Abstract Syntax Notation One (ASN.1)-encoded data.</param>
    </member>
    <member name="M:System.Security.Cryptography.AsnEncodedData.CopyFrom(System.Security.Cryptography.AsnEncodedData)">
      <summary>Copies information from an <see cref="T:System.Security.Cryptography.AsnEncodedData"></see> object.</summary>
      <param name="asnEncodedData">The <see cref="T:System.Security.Cryptography.AsnEncodedData"></see> object to base the new object on.</param>
      <exception cref="T:System.ArgumentNullException">asnEncodedData is null.</exception>
    </member>
    <member name="M:System.Security.Cryptography.AsnEncodedData.Format(System.Boolean)">
      <summary>Returns a formatted version of the Abstract Syntax Notation One (ASN.1)-encoded data as a string.</summary>
      <param name="multiLine">true if the return string should contain carriage returns; otherwise, false.</param>
      <returns>A formatted string that represents the Abstract Syntax Notation One (ASN.1)-encoded data.</returns>
    </member>
    <member name="P:System.Security.Cryptography.AsnEncodedData.Oid">
      <summary>Gets or sets the <see cref="T:System.Security.Cryptography.Oid"></see> value for an <see cref="T:System.Security.Cryptography.AsnEncodedData"></see> object.</summary>
      <returns>An <see cref="T:System.Security.Cryptography.Oid"></see> object.</returns>
    </member>
    <member name="P:System.Security.Cryptography.AsnEncodedData.RawData">
      <summary>Gets or sets the Abstract Syntax Notation One (ASN.1)-encoded data represented in a byte array.</summary>
      <returns>A byte array that represents the Abstract Syntax Notation One (ASN.1)-encoded data.</returns>
      <exception cref="T:System.ArgumentNullException">The value is null.</exception>
    </member>
    <member name="T:System.Security.Cryptography.AsnEncodedDataCollection">
      <summary>Represents a collection of <see cref="T:System.Security.Cryptography.AsnEncodedData"></see> objects. This class cannot be inherited.</summary>
    </member>
    <member name="M:System.Security.Cryptography.AsnEncodedDataCollection.#ctor">
      <summary>Initializes a new instance of the <see cref="T:System.Security.Cryptography.AsnEncodedDataCollection"></see> class.</summary>
    </member>
    <member name="M:System.Security.Cryptography.AsnEncodedDataCollection.#ctor(System.Security.Cryptography.AsnEncodedData)">
      <summary>Initializes a new instance of the <see cref="T:System.Security.Cryptography.AsnEncodedDataCollection"></see> class and adds an <see cref="T:System.Security.Cryptography.AsnEncodedData"></see> object to the collection.</summary>
      <param name="asnEncodedData">The <see cref="T:System.Security.Cryptography.AsnEncodedData"></see> object to add to the collection.</param>
    </member>
    <member name="M:System.Security.Cryptography.AsnEncodedDataCollection.Add(System.Security.Cryptography.AsnEncodedData)">
      <summary>Adds an <see cref="T:System.Security.Cryptography.AsnEncodedData"></see> object to the <see cref="T:System.Security.Cryptography.AsnEncodedDataCollection"></see> object.</summary>
      <param name="asnEncodedData">The <see cref="T:System.Security.Cryptography.AsnEncodedData"></see> object to add to the collection.</param>
      <returns>The index of the added <see cref="T:System.Security.Cryptography.AsnEncodedData"></see> object.</returns>
      <exception cref="T:System.ArgumentNullException">asnEncodedData is null.</exception>
      <exception cref="T:System.Security.Cryptography.CryptographicException">One of the OIDs is null and the OIDs do not match.</exception>
    </member>
    <member name="M:System.Security.Cryptography.AsnEncodedDataCollection.CopyTo(System.Security.Cryptography.AsnEncodedData[],System.Int32)">
      <summary>Copies the <see cref="T:System.Security.Cryptography.AsnEncodedDataCollection"></see> object into an array.</summary>
      <param name="array">The array that the <see cref="T:System.Security.Cryptography.AsnEncodedDataCollection"></see> object is to be copied into.</param>
      <param name="index">The location where the copy operation starts.</param>
    </member>
    <member name="P:System.Security.Cryptography.AsnEncodedDataCollection.Count">
      <summary>Gets the number of <see cref="T:System.Security.Cryptography.AsnEncodedData"></see> objects in a collection.</summary>
      <returns>The number of <see cref="T:System.Security.Cryptography.AsnEncodedData"></see> objects.</returns>
    </member>
    <member name="M:System.Security.Cryptography.AsnEncodedDataCollection.GetEnumerator">
      <summary>Returns an <see cref="T:System.Security.Cryptography.AsnEncodedDataEnumerator"></see> object that can be used to navigate the <see cref="T:System.Security.Cryptography.AsnEncodedDataCollection"></see> object.</summary>
      <returns>An <see cref="T:System.Security.Cryptography.AsnEncodedDataEnumerator"></see> object.</returns>
    </member>
    <member name="P:System.Security.Cryptography.AsnEncodedDataCollection.IsSynchronized">
      <summary>Gets a value that indicates whether access to the <see cref="T:System.Security.Cryptography.AsnEncodedDataCollection"></see> object is thread safe.</summary>
      <returns>false in all cases.</returns>
    </member>
    <member name="P:System.Security.Cryptography.AsnEncodedDataCollection.Item(System.Int32)">
      <summary>Gets an <see cref="T:System.Security.Cryptography.AsnEncodedData"></see> object from the <see cref="T:System.Security.Cryptography.AsnEncodedDataCollection"></see> object.</summary>
      <param name="index">The location in the collection.</param>
      <returns>An <see cref="T:System.Security.Cryptography.AsnEncodedData"></see> object.</returns>
    </member>
    <member name="M:System.Security.Cryptography.AsnEncodedDataCollection.Remove(System.Security.Cryptography.AsnEncodedData)">
      <summary>Removes an <see cref="T:System.Security.Cryptography.AsnEncodedData"></see> object from the <see cref="T:System.Security.Cryptography.AsnEncodedDataCollection"></see> object.</summary>
      <param name="asnEncodedData">The <see cref="T:System.Security.Cryptography.AsnEncodedData"></see> object to remove.</param>
      <exception cref="T:System.ArgumentNullException">asnEncodedData is null.</exception>
    </member>
    <member name="P:System.Security.Cryptography.AsnEncodedDataCollection.SyncRoot">
      <summary>Gets an object that can be used to synchronize access to the <see cref="T:System.Security.Cryptography.AsnEncodedDataCollection"></see> object.</summary>
      <returns>An object used to synchronize access to the <see cref="T:System.Security.Cryptography.AsnEncodedDataCollection"></see> object.</returns>
    </member>
    <member name="M:System.Security.Cryptography.AsnEncodedDataCollection.System#Collections#ICollection#CopyTo(System.Array,System.Int32)">
      <summary>Copies the <see cref="T:System.Security.Cryptography.AsnEncodedDataCollection"></see> object into an array.</summary>
      <param name="array">The array that the <see cref="T:System.Security.Cryptography.AsnEncodedDataCollection"></see> object is to be copied into.</param>
      <param name="index">The location where the copy operation starts.</param>
      <exception cref="T:System.ArgumentException">The length for index is invalid.</exception>
      <exception cref="T:System.ArgumentNullException">array is null.</exception>
      <exception cref="T:System.ArgumentOutOfRangeException">The length for index is out of range.</exception>
    </member>
    <member name="P:System.Security.Cryptography.AsnEncodedDataCollection.System#Collections#ICollection#IsSynchronized">
      <returns></returns>
    </member>
    <member name="P:System.Security.Cryptography.AsnEncodedDataCollection.System#Collections#ICollection#SyncRoot">
      <returns></returns>
    </member>
    <member name="M:System.Security.Cryptography.AsnEncodedDataCollection.System#Collections#IEnumerable#GetEnumerator">
      <summary>Returns an <see cref="T:System.Security.Cryptography.AsnEncodedDataEnumerator"></see> object that can be used to navigate the <see cref="T:System.Security.Cryptography.AsnEncodedDataCollection"></see> object.</summary>
      <returns>An <see cref="T:System.Security.Cryptography.AsnEncodedDataEnumerator"></see> object that can be used to navigate the collection.</returns>
    </member>
    <member name="T:System.Security.Cryptography.AsnEncodedDataEnumerator">
      <summary>Provides the ability to navigate through an <see cref="T:System.Security.Cryptography.AsnEncodedDataCollection"></see> object. This class cannot be inherited.</summary>
    </member>
    <member name="P:System.Security.Cryptography.AsnEncodedDataEnumerator.Current">
      <summary>Gets the current <see cref="T:System.Security.Cryptography.AsnEncodedData"></see> object in an <see cref="T:System.Security.Cryptography.AsnEncodedDataCollection"></see> object.</summary>
      <returns>The current <see cref="T:System.Security.Cryptography.AsnEncodedData"></see> object in the collection.</returns>
    </member>
    <member name="M:System.Security.Cryptography.AsnEncodedDataEnumerator.MoveNext">
      <summary>Advances to the next <see cref="T:System.Security.Cryptography.AsnEncodedData"></see> object in an <see cref="T:System.Security.Cryptography.AsnEncodedDataCollection"></see> object.</summary>
      <returns>true, if the enumerator was successfully advanced to the next element; false, if the enumerator has passed the end of the collection.</returns>
      <exception cref="T:System.InvalidOperationException">The collection was modified after the enumerator was created.</exception>
    </member>
    <member name="M:System.Security.Cryptography.AsnEncodedDataEnumerator.Reset">
      <summary>Sets an enumerator to its initial position.</summary>
      <exception cref="T:System.InvalidOperationException">The collection was modified after the enumerator was created.</exception>
    </member>
    <member name="P:System.Security.Cryptography.AsnEncodedDataEnumerator.System#Collections#IEnumerator#Current">
      <summary>Gets the current <see cref="T:System.Security.Cryptography.AsnEncodedData"></see> object in an <see cref="T:System.Security.Cryptography.AsnEncodedDataCollection"></see> object.</summary>
      <returns>The current <see cref="T:System.Security.Cryptography.AsnEncodedData"></see> object.</returns>
    </member>
  </members>
</doc></span>